plot_id,group_key,lon,lat
pos_0000,pos__100_sept2024.kml,77.58724968960856,29.21677560472728
pos_0001,pos__101_sept2024.kml,77.61273898462424,29.18442438554673
pos_0002,pos__102_sept2024.kml,77.61133759863097,29.178970301607418
pos_0003,pos__103_sept2024.kml,77.6107223338772,29.176784109583426
pos_0004,pos__104_sept2024.kml,77.61002072651212,29.173954211316367
pos_0005,pos__105_sept2024.kml,77.60843002180442,29.173182777524303
pos_0006,pos__106_sept2024.kml,77.6094414996601,29.172836525062635
pos_0007,pos__107_sept2024.kml,77.60135885901613,29.16824264937436
pos_0008,pos__108_sept2024.kml,77.59990841013001,29.16755322881746
pos_0009,pos__109_aug2023.kml,77.59892310371241,29.167242278688065
pos_0010,pos__10_sept2024.kml,77.58415757083169,29.201496060201624
pos_0011,pos__110_aug2023.kml,77.59944870394358,29.168119123243038
pos_0012,pos__111_aug2023.kml,77.59908176971541,29.169098220605957
pos_0013,pos__112_aug2023.kml,77.59849875843787,29.16979912805712
pos_0014,pos__113_aug2023.kml,77.59708582579547,29.171503003728873
pos_0015,pos__114_aug2023.kml,77.598194195812,29.1718586306664
pos_0016,pos__115_aug2023.kml,77.59742031442859,29.17262174151652
pos_0017,pos__116_aug2023.kml,77.59810850633538,29.17275302391568
pos_0018,pos__117_aug2023.kml,77.59715378544949,29.173408221632023
pos_0019,pos__118_aug2023.kml,77.59819934662809,29.173505941085264
pos_0020,pos__119_aug2023.kml,77.59832580258359,29.173888830540264
pos_0021,pos__11_sept2024.kml,77.58415076065664,29.201889468505335
pos_0022,pos__120_aug2023.kml,77.59900154392956,29.17482529874151
pos_0023,pos__121_aug2023.kml,77.59839986603853,29.175512866573495
pos_0024,pos__122_aug2023.kml,77.59925841353615,29.17559603703722
pos_0025,pos__123_aug2023.kml,77.59959619627469,29.17593838427977
pos_0026,pos__124_aug2023.kml,77.59971121994471,29.176757900246244
pos_0027,pos__125_aug2023.kml,77.5991250129025,29.17714442362086
pos_0028,pos__126_aug2023.kml,77.60008577778774,29.178717205060074
pos_0029,pos__127_aug2023.kml,77.60008577778774,29.178717205060074
pos_0030,pos__128_aug2023.kml,77.60061356059504,29.178867668650454
pos_0031,pos__129_aug2023.kml,77.59985615275944,29.179089102661568
pos_0032,pos__12_sept2024.kml,77.58388271380709,29.201408315698362
pos_0033,pos__130_aug2023.kml,77.59995894874031,29.179439142713644
pos_0034,pos__131_aug2023.kml,77.60017838446808,29.17979665635578
pos_0035,pos__132_aug2023.kml,77.60047194070904,29.180231684694597
pos_0036,pos__133_aug2023.kml,77.60151267469823,29.180380530169135
pos_0037,pos__134_aug2023.kml,77.60081617632454,29.180680735001697
pos_0038,pos__135_aug2023.kml,77.60102264855833,29.18137850062441
pos_0039,pos__136_aug2023.kml,77.59933802111604,29.183100653672252
pos_0040,pos__137_aug2023.kml,77.5998005056877,29.18378481138235
pos_0041,pos__138_aug2023.kml,77.60161970383068,29.183951059933047
pos_0042,pos__139_aug2023.kml,77.60088372871387,29.18421518022205
pos_0043,pos__13_sept2024.kml,77.58326193670881,29.20158955214221
pos_0044,pos__140_aug2023.kml,77.601339014011,29.185196245955524
pos_0045,pos__141_aug2023.kml,77.60171848178005,29.18586349972684
pos_0046,pos__142_aug2023.kml,77.60168209037097,29.186820984852183
pos_0047,pos__143_aug2023.kml,77.60543632192737,29.189659774604024
pos_0048,pos__144_aug2023.kml,77.60490733929832,29.189960787899984
pos_0049,pos__145_aug2023.kml,77.60450005642933,29.19051836024384
pos_0050,pos__146_aug2023.kml,77.60559999725827,29.19086287968137
pos_0051,pos__147_aug2023.kml,77.60589221642869,29.191250075245403
pos_0052,pos__148_aug2023.kml,77.60502597965207,29.19177706972806
pos_0053,pos__149_aug2023.kml,77.60608389154916,29.19149133947895
pos_0054,pos__14_sept2024.kml,77.58349196852413,29.202140824179274
pos_0055,pos__150_aug2023.kml,77.60521450455492,29.192042910468874
pos_0056,pos__151_aug2023.kml,77.60565021574364,29.192285390189063
pos_0057,pos__152_aug2023.kml,77.6057695353919,29.192735517509583
pos_0058,pos__153_aug2023.kml,77.60669693816433,29.194808888400843
pos_0059,pos__154_aug2023.kml,77.60738833289238,29.195705920151124
pos_0060,pos__155_sept2024.kml,77.58900449212673,29.204163810642456
pos_0061,pos__156_sept2024.kml,77.589342925441,29.204727775451172
pos_0062,pos__157_sept2024.kml,77.59017810997405,29.204799779427496
pos_0063,pos__158_sept2024.kml,77.59034608159833,29.203609139519475
pos_0064,pos__159_sept2024.kml,77.59066298837703,29.204406281050208
pos_0065,pos__15_sept2024.kml,77.58369112080594,29.2024411266012
pos_0066,pos__160_sept2024.kml,77.59130667085074,29.204015760162502
pos_0067,pos__161_sept2024.kml,77.59127396931484,29.20320738105306
pos_0068,pos__162_sept2024.kml,77.5917637364791,29.202987028525705
pos_0069,pos__163_sept2024.kml,77.59218280356164,29.203704419593414
pos_0070,pos__164_sept2024.kml,77.59283720872378,29.20361470797523
pos_0071,pos__165_sept2024.kml,77.59232807581161,29.202699562356067
pos_0072,pos__166_sept2024.kml,77.59321791391491,29.203401468329915
pos_0073,pos__167_sept2024.kml,77.59321791391491,29.203401468329915
pos_0074,pos__168_sept2024.kml,77.593767643269,29.203164860748338
pos_0075,pos__169_sept2024.kml,77.59304660368049,29.202350815079242
pos_0076,pos__16_sept2024.kml,77.58381738238708,29.202721896271452
pos_0077,pos__170_sept2024.kml,77.59469134180455,29.201906402200176
pos_0078,pos__171_sept2024.kml,77.59396484176804,29.20306897011967
pos_0079,pos__172_sept2024.kml,77.59468757950737,29.202462465167816
pos_0080,pos__173_sept2024.kml,77.59474654061364,29.202907210399726
pos_0081,pos__174_sept2024.kml,77.59582417740968,29.202301374856898
pos_0082,pos__175_sept2024.kml,77.59560183305669,29.203260238885807
pos_0083,pos__176_sept2024.kml,77.59661490413832,29.202104646575922
pos_0084,pos__177_sept2024.kml,77.59730926422154,29.202440837577353
pos_0085,pos__178_sept2024.kml,77.59687126459878,29.201722147512694
pos_0086,pos__179_sept2024.kml,77.5979420461292,29.20208266825277
pos_0087,pos__17_sept2024.kml,77.58518258300666,29.202483106101237
pos_0088,pos__180_sept2024.kml,77.59948625672014,29.20200097975074
pos_0089,pos__181_sept2024.kml,77.59918744202702,29.201438420400486
pos_0090,pos__182_sept2024.kml,77.59932481513704,29.20062048512509
pos_0091,pos__183_sept2024.kml,77.59994127178352,29.199891618322763
pos_0092,pos__184_sept2024.kml,77.60028615972756,29.200696922704687
pos_0093,pos__185_sept2024.kml,77.60083181688906,29.19972682389972
pos_0094,pos__186_sept2024.kml,77.60188718805557,29.200156686984624
pos_0095,pos__187_sept2024.kml,77.60141811229344,29.199411547716696
pos_0096,pos__188_sept2024.kml,77.60243156248376,29.199841160472374
pos_0097,pos__189_sept2024.kml,77.60284773854582,29.19848382149223
pos_0098,pos__18_sept2024.kml,77.58527519634274,29.202684526315043
pos_0099,pos__190_sept2024.kml,77.60347445338196,29.19897589708066
pos_0100,pos__191_sept2024.kml,77.6047857664947,29.198612893403382
pos_0101,pos__192_sept2024.kml,77.60427310334951,29.19769694075353
pos_0102,pos__193_sept2024.kml,77.6056507692475,29.197813779415494
pos_0103,pos__194_sept2024.kml,77.60540896246337,29.19717605113953
pos_0104,pos__195_sept2024.kml,77.60587329401959,29.196916275115832
pos_0105,pos__196_sept2024.kml,77.60675122671924,29.197518670845295
pos_0106,pos__197_sept2024.kml,77.60692279896168,29.197101803165197
pos_0107,pos__198_sept2024.kml,77.60656251287185,29.1965567457619
pos_0108,pos__199_sept2024.kml,77.60796762353857,29.196532660004728
pos_0109,pos__19_sept2024.kml,77.58529666981543,29.202903368633603
pos_0110,pos__1_sept2024.kml,77.58546784176326,29.19856775221921
pos_0111,pos__200_sept2024.kml,77.60759828634332,29.196214105348695
pos_0112,pos__20_sept2024.kml,77.58560392523951,29.202951880866237
pos_0113,pos__21_sept2024.kml,77.58522953365552,29.203600496641943
pos_0114,pos__22_sept2024.kml,77.58596712820902,29.204631899020878
pos_0115,pos__23_sept2024.kml,77.58543227142052,29.20497233191978
pos_0116,pos__24_sept2024.kml,77.58629477520536,29.205318114541097
pos_0117,pos__25_sept2024.kml,77.58577239038976,29.20571594180404
pos_0118,pos__26_sept2024.kml,77.58526300750465,29.205354751512473
pos_0119,pos__27_sept2024.kml,77.58671942572767,29.20542468566352
pos_0120,pos__28_sept2024.kml,77.58692013042365,29.205409759464864
pos_0121,pos__29_sept2024.kml,77.58707532138278,29.205325447967713
pos_0122,pos__2_sept2024.kml,77.58521170320005,29.199193556581875
pos_0123,pos__30_sept2024.kml,77.58699683403526,29.204468009223184
pos_0124,pos__31_sept2024.kml,77.58715664571463,29.204948122438918
pos_0125,pos__32_sept2024.kml,77.58748353089138,29.20425000048032
pos_0126,pos__33_sept2024.kml,77.58748257517313,29.20513054508015
pos_0127,pos__34_sept2024.kml,77.58776531723511,29.204800174006138
pos_0128,pos__35_sept2024.kml,77.58717043750568,29.2042684720864
pos_0129,pos__36_sept2024.kml,77.58773691718201,29.204145667002116
pos_0130,pos__37_sept2024.kml,77.5882129026872,29.204846284462167
pos_0131,pos__38_sept2024.kml,77.5884420154737,29.20436678147782
pos_0132,pos__39_sept2024.kml,77.58837995236296,29.205099815232813
pos_0133,pos__3_sept2024.kml,77.5854957418646,29.199577122566122
pos_0134,pos__40_sept2024.kml,77.58866935003832,29.205049358978773
pos_0135,pos__41_sept2024.kml,77.58647651570219,29.205704132840193
pos_0136,pos__42_sept2024.kml,77.58677041192938,29.206010808950857
pos_0137,pos__43_sept2024.kml,77.58606622997902,29.2061878684434
pos_0138,pos__44_sept2024.kml,77.58679027897152,29.2063230875792
pos_0139,pos__45_sept2024.kml,77.586282631804,29.206700427404794
pos_0140,pos__46_sept2024.kml,77.58715262667499,29.20626026950912
pos_0141,pos__47_sept2024.kml,77.58714690144556,29.206882590864517
pos_0142,pos__48_sept2024.kml,77.58687979777844,29.20782754745227
pos_0143,pos__49_sept2024.kml,77.58811939286801,29.207249420477233
pos_0144,pos__4_sept2024.kml,77.58517240029343,29.20066470795871
pos_0145,pos__50_sept2024.kml,77.58786797268044,29.207938281574574
pos_0146,pos__51_sept2024.kml,77.58735059389531,29.208446709711474
pos_0147,pos__52_sept2024.kml,77.58806535961222,29.20825616725876
pos_0148,pos__53_sept2024.kml,77.58819826912725,29.20851408836143
pos_0149,pos__54_sept2024.kml,77.5884048895584,29.208797911354985
pos_0150,pos__55_sept2024.kml,77.58851352027287,29.209400023343715
pos_0151,pos__56_sept2024.kml,77.58779427617567,29.20931194270593
pos_0152,pos__57_sept2024.kml,77.58833472389058,29.210147302748826
pos_0153,pos__58_sept2024.kml,77.5890608100301,29.209932953589615
pos_0154,pos__59_sept2024.kml,77.59566437069799,29.215789835959
pos_0155,pos__5_sept2024.kml,77.58469023544845,29.200623657033567
pos_0156,pos__60_sept2024.kml,77.59537421626108,29.216443737104
pos_0157,pos__61_sept2024.kml,77.59473048403682,29.216257836899235
pos_0158,pos__62_sept2024.kml,77.59442700617156,29.217040232261134
pos_0159,pos__63_sept2024.kml,77.59359555845055,29.217375476051743
pos_0160,pos__64_sept2024.kml,77.59405281176636,29.216161360480584
pos_0161,pos__65_sept2024.kml,77.59387851533045,29.216538419547657
pos_0162,pos__66_sept2024.kml,77.59367787036182,29.2166729953159
pos_0163,pos__67_sept2024.kml,77.59345606558986,29.216803035026768
pos_0164,pos__68_sept2024.kml,77.59317642316456,29.216986834399737
pos_0165,pos__69_sept2024.kml,77.59262477769732,29.21696162863748
pos_0166,pos__6_sept2024.kml,77.58492599243631,29.201283579715447
pos_0167,pos__70_sept2024.kml,77.59275890312936,29.2165319234639
pos_0168,pos__71_sept2024.kml,77.59284392437893,29.217609003095532
pos_0169,pos__72_sept2024.kml,77.59245519028329,29.217214768817172
pos_0170,pos__73_sept2024.kml,77.59212443962737,29.21731539715643
pos_0171,pos__74_sept2024.kml,77.59179986571232,29.21751335803107
pos_0172,pos__75_sept2024.kml,77.59213908304415,29.21811542195287
pos_0173,pos__76_sept2024.kml,77.59190451279258,29.218261062389974
pos_0174,pos__77_sept2024.kml,77.59122601313156,29.21798535629434
pos_0175,pos__78_sept2024.kml,77.59171739679137,29.218384473952078
pos_0176,pos__79_sept2024.kml,77.59154698445747,29.21847439853466
pos_0177,pos__7_sept2024.kml,77.58471188075087,29.201880981171243
pos_0178,pos__80_sept2024.kml,77.59125648128456,29.218649169179553
pos_0179,pos__81_sept2024.kml,77.59040015975866,29.21836261746017
pos_0180,pos__82_sept2024.kml,77.59070359191979,29.218690854441927
pos_0181,pos__83_sept2024.kml,77.58997403672272,29.21852167175112
pos_0182,pos__84_sept2024.kml,77.59020439240174,29.21900520480261
pos_0183,pos__85_sept2024.kml,77.5896797731575,29.21890762507589
pos_0184,pos__86_sept2024.kml,77.59002932524797,29.21928886103667
pos_0185,pos__87_sept2024.kml,77.5891191264443,29.218946150333434
pos_0186,pos__88_sept2024.kml,77.58947350150696,29.21864336677186
pos_0187,pos__89_sept2024.kml,77.58932842356242,29.21828046502955
pos_0188,pos__8_sept2024.kml,77.5844631125803,29.201175854698146
pos_0189,pos__90_sept2024.kml,77.58850776726246,29.218547076893206
pos_0190,pos__91_sept2024.kml,77.58912475271097,29.218026787302932
pos_0191,pos__92_sept2024.kml,77.5889035937137,29.21791184732519
pos_0192,pos__93_sept2024.kml,77.58826363507139,29.218208198496047
pos_0193,pos__94_sept2024.kml,77.5880878861913,29.2177901004034
pos_0194,pos__95_sept2024.kml,77.58850597244034,29.216942114430093
pos_0195,pos__96_sept2024.kml,77.5875697119805,29.21720796093639
pos_0196,pos__97_sept2024.kml,77.58837080999982,29.216751250156193
pos_0197,pos__98_sept2024.kml,77.58817363568986,29.216511647945566
pos_0198,pos__99_sept2024.kml,77.58737261276725,29.216954942122168
pos_0199,pos__9_sept2024.kml,77.58429478944707,29.201384863311866
neg_0200,neg__10.kml,77.90490544617307,28.386957344590513
neg_0201,neg__11.kml,77.90534583626727,28.387278905682866
neg_0202,neg__12.kml,77.90666260135103,28.388619819251662
neg_0203,neg__13.kml,77.90730539533551,28.38917305868088
neg_0204,neg__14.kml,77.90777601343609,28.38987226638994
neg_0205,neg__15.kml,77.90849026943724,28.390908657444985
neg_0206,neg__16.kml,77.90944505136576,28.392506484447587
neg_0207,neg__17.kml,77.90804493810785,28.392245581475677
neg_0208,neg__18.kml,77.90697543693433,28.39278472503774
neg_0209,neg__19.kml,77.8978103782474,28.3937570090895
neg_0210,neg__1_2_2026.kml,77.5967171379187,29.982834623166088
neg_0211,neg__1_7_2023.kml,77.58792857195864,29.98267107847228
neg_0212,neg__20.kml,77.89809606170375,28.39420509680867
neg_0213,neg__21.kml,77.90067778123053,28.39242455442409
neg_0214,neg__22.kml,77.90298819317184,28.40525238967911
neg_0215,neg__23.kml,77.90106257272387,28.405526449311438
neg_0216,neg__24.kml,77.9006466756987,28.40566907497605
neg_0217,neg__25.kml,77.89956259751219,28.40639358848146
neg_0218,neg__26.kml,77.89151033662242,28.399383104868214
neg_0219,neg__27.kml,77.89021223161326,28.39801473553915
neg_0220,neg__28.kml,77.90692519408454,28.3936847234353
neg_0221,neg__29.kml,77.90807577612708,28.39868182194512
neg_0222,neg__2_7_2023.kml,77.58618010862847,29.979712220555342
neg_0223,neg__3.kml,77.8962057286261,28.387428670716783
neg_0224,neg__30.kml,77.91065662804243,28.398192526007076
neg_0225,neg__31.kml,77.91103990939345,28.398920316136557
neg_0226,neg__32.kml,77.90725308009841,28.40169142052563
neg_0227,neg__33.kml,77.91059195177029,28.39699954488723
neg_0228,neg__34.kml,77.90519892017373,28.400584574927574
neg_0229,neg__35.kml,77.90696253111626,28.403101904865757
neg_0230,neg__36.kml,77.90798428804578,28.40451324277208
neg_0231,neg__37.kml,77.90735637511797,28.40467672182113
neg_0232,neg__38.kml,77.84576972066745,28.383307304036634
neg_0233,neg__39.kml,77.89868026076822,28.389038207485687
neg_0234,neg__4.kml,77.89570567016192,28.38681382836912
neg_0235,neg__40.kml,77.90159377321461,28.395362990437444
neg_0236,neg__5.kml,77.89556959487636,28.386644271025975
neg_0237,neg__6.kml,77.8964344014774,28.385523979754048
neg_0238,neg__7.kml,77.90321292181665,28.383873443054078
neg_0239,neg__8.kml,77.90358184193188,28.38459319693403
neg_0240,neg__9.kml,77.90404486132252,28.385812321594372
neg_0241,neg__banana_10_oct2025.kml,78.81101636569949,14.404778437198859
neg_0242,neg__banana_11_oct2025.kml,77.56493658955682,14.72795017036441
neg_0243,neg__banana_12_oct2025.kml,77.56917275359245,14.731112273293352
neg_0244,neg__banana_13_oct2025.kml,77.57200084310037,14.730796185565003
neg_0245,neg__banana_14_oct2025.kml,77.59500671098786,14.725103100585487
neg_0246,neg__banana_15_aug2022.kml,77.71628837741792,14.740393243790528
neg_0247,neg__banana_16_aug2022.kml,77.70922665075504,14.741169865049127
neg_0248,neg__banana_17_aug2022.kml,77.70706734189136,14.741174561158155
neg_0249,neg__banana_18_aug2022.kml,77.70692509942386,14.7402237707933
neg_0250,neg__banana_19_aug2022.kml,77.70695445922888,14.738710113203089
neg_0251,neg__banana_1_oct2025.kml,78.81999810808796,14.425266048533835
neg_0252,neg__banana_20_sep2025.kml,77.64925320315889,14.699815067037468
neg_0253,neg__banana_2_oct2025.kml,78.8187896647107,14.423375753984295
neg_0254,neg__banana_3_oct2025.kml,78.81780435999123,14.423694768949066
neg_0255,neg__banana_4_oct2025.kml,78.81710049905382,14.416652233516274
neg_0256,neg__banana_5_sep2022.kml,78.82082674416823,14.415722832490356
neg_0257,neg__banana_6_oct2025.kml,78.813582359153,14.410768543553768
neg_0258,neg__banana_7_oct2025.kml,78.81370705978142,14.40822588959248
neg_0259,neg__banana_8_oct2025.kml,78.81173478531781,14.40631626567398
neg_0260,neg__banana_9_oct2025.kml,78.81235107684986,14.406939331093616
neg_0261,neg__maize_10_aug2015.kml,75.42588342706894,19.877573733860007
neg_0262,neg__maize_11_aug2025.kml,75.42099386534693,19.87647398742699
neg_0263,neg__maize_12_aug2025.kml,75.41639726718701,19.881478678355258
neg_0264,neg__maize_13_aug2025.kml,75.41825702408939,19.886839145912212
neg_0265,neg__maize_14_aug2025.kml,75.41945175425171,19.887856068322055
neg_0266,neg__maize_15_aug2025.kml,75.41967675166413,19.888376523688958
neg_0267,neg__maize_16_sep2025.kml,75.41506157975219,20.018816582531965
neg_0268,neg__maize_17_sep2025.kml,75.41501412742349,20.019255321363914
neg_0269,neg__maize_18_sep2025.kml,75.41609738498389,20.01865938821735
neg_0270,neg__maize_19_sep2025.kml,75.41579766946201,20.019210069048654
neg_0271,neg__maize_1_jan2024.kml,73.81809363714741,20.11522712375976
neg_0272,neg__maize_20_sep2025.kml,75.4161633402631,20.019158487947955
neg_0273,neg__maize_21_jun2023.kml,79.39118068764645,28.409783975008633
neg_0274,neg__maize_22_jun2023.kml,79.3910498296815,28.40935727115201
neg_0275,neg__maize_23_jun2023.kml,79.39139377194145,28.40916185438633
neg_0276,neg__maize_24_jun2023.kml,79.3924672752276,28.409995544009117
neg_0277,neg__maize_25_jun2023.kml,79.39395540491603,28.41215867446465
neg_0278,neg__maize_26_jun2023.kml,79.39310260510597,28.412619421491975
neg_0279,neg__maize_27_jun2023.kml,79.39499452448503,28.415397214329793
neg_0280,neg__maize_28_jun2023.kml,79.39517744846586,28.415821249559233
neg_0281,neg__maize_29_jun2023.kml,79.39636628647217,28.418434459914636
neg_0282,neg__maize_2_feb2026.kml,74.13243274716955,20.08277865901959
neg_0283,neg__maize_30_jun2023.kml,79.39725485887078,28.41908933637814
neg_0284,neg__maize_31_jun2023.kml,79.39731422884928,28.41964947717615
neg_0285,neg__maize_3_mar2024.kml,74.19920410049012,20.069611326222915
neg_0286,neg__maize_4_aug2025.kml,75.4264258674176,19.879881193334292
neg_0287,neg__maize_5_aug2025.kml,75.43145703576633,19.88273898059755
neg_0288,neg__maize_6_aug2025.kml,75.43239256840134,19.882614009865964
neg_0289,neg__maize_7_aug2025.kml,75.42716755916885,19.879952281625048
neg_0290,neg__maize_8_aug2025.kml,75.42715427766313,19.879295857450593
neg_0291,neg__maize_9_aug2025.kml,75.42242937819539,19.87629078044601
neg_0292,neg__mango_1_jun2023.kml,79.39489602858396,28.413579965415742
neg_0293,neg__mango_2_jun2023.kml,79.39462522990605,28.417349249297548
neg_0294,neg__mango_3_jun2023.kml,79.39507136996923,28.418001400754726
neg_0295,neg__mango_4_jan2026.kml,77.59623021479486,29.990691052780992
neg_0296,neg__mango_5_may2024.kml,78.67505836150607,29.384318755298118
neg_0297,neg__okra_9_2022.kml,83.51338307913686,26.68372828496065
neg_0298,neg__Poplar1-June2023.kml,79.39611178021052,28.417261475275545
neg_0299,neg__radish_1_dec2022.kml,83.50709285670095,26.688614644650762
neg_0300,neg__rice_10_sept2022.kml,83.50740760446816,26.68653858246736
neg_0301,neg__rice_11_sept2022.kml,83.50651992587788,26.687524433247056
neg_0302,neg__rice_12_sept2022.kml,83.50646926018936,26.68742019185426
neg_0303,neg__rice_13_sept2022.kml,83.50667714462003,26.687514626438578
neg_0304,neg__rice_14_sept2025.kml,83.50571721435031,26.769297446763247
neg_0305,neg__rice_15_sept2025.kml,83.50591025043146,26.76943759955927
neg_0306,neg__rice_16_sept2025.kml,83.5060117646905,26.769702544201927
neg_0307,neg__rice_17_sept2025.kml,83.50616505011685,26.77000634193733
neg_0308,neg__rice_18_sept2025.kml,83.50583684493432,26.770045628431824
neg_0309,neg__rice_19_sept2025.kml,83.50570552367383,26.770766702674063
neg_0310,neg__rice_1_sept2022.kml,83.50922194521685,26.686016849289746
neg_0311,neg__rice_20_sept2025.kml,83.50573348018598,26.771013188264504
neg_0312,neg__rice_21_sept2025.kml,83.50548696781807,26.768891916458884
neg_0313,neg__rice_22_sept2025.kml,83.51017689286142,26.764521066451355
neg_0314,neg__rice_23_sept2025.kml,83.50847413259685,26.770432302882714
neg_0315,neg__rice_24_sept2025.kml,83.51093680545793,26.764653807278272
neg_0316,neg__rice_25_sept2025.kml,83.50795914920714,26.770681509302126
neg_0317,neg__rice_26_sept2025.kml,83.50764148974854,26.770780682907688
neg_0318,neg__rice_27_sept2025.kml,83.50757110512201,26.770589653826203
neg_0319,neg__rice_28_sept2025.kml,83.50792202423453,26.770484025177154
neg_0320,neg__rice_29_sept2025.kml,83.50716655160198,26.7691125909099
neg_0321,neg__rice_2_sept2022.kml,83.51023841549318,26.685679273852667
neg_0322,neg__rice_30_sept2025.kml,83.50725128919646,26.76882371121803
neg_0323,neg__rice_31_sept2025.kml,83.50685060498091,26.76895032454369
neg_0324,neg__rice_32_sept2025.kml,83.50694483438767,26.768630450476145
neg_0325,neg__rice_33_sept2025.kml,83.50796154682367,26.76870470519331
neg_0326,neg__rice_34_sept2025.kml,83.51041462114696,26.764732230907764
neg_0327,neg__rice_35_sept2025.kml,83.50803201746982,26.768863110525892
neg_0328,neg__rice_36_sept2025.kml,83.50765741933101,26.768582047632083
neg_0329,neg__rice_37_sept2025.kml,83.50802037677522,26.768446147422875
neg_0330,neg__rice_38_sept2025.kml,83.50751977374577,26.76825428062812
neg_0331,neg__rice_39_sept2025.kml,83.5079990336414,26.766988407684465
neg_0332,neg__rice_3_sept2022.kml,83.5104429359395,26.685918771041603
neg_0333,neg__rice_40_sept2025.kml,83.508318548787,26.766855746214226
neg_0334,neg__rice_41_sept2025.kml,83.50758690852916,26.766464215406724
neg_0335,neg__rice_42_sept2025.kml,83.5086673947056,26.76661124019074
neg_0336,neg__rice_43_sept2025.kml,83.50950168280262,26.766409672812166
neg_0337,neg__rice_44_sept2025.kml,83.50988091479361,26.766248637146383
neg_0338,neg__rice_45_sept2025.kml,83.5088083029897,26.765934719909723
neg_0339,neg__rice_46_sept2025.kml,83.50972248355374,26.765650118641986
neg_0340,neg__rice_47_sept2025.kml,83.50961743498785,26.765454497132414
neg_0341,neg__rice_48_sept2025.kml,83.5100582548696,26.765257490261565
neg_0342,neg__rice_49_sept2025.kml,83.5106489040823,26.765182149728695
neg_0343,neg__rice_4_sept2022.kml,83.51138270840991,26.685355262741147
neg_0344,neg__rice_5_sept2022.kml,83.51285628385595,26.684672538658216
neg_0345,neg__rice_6_sept2022.kml,83.51315610632724,26.6845349067618
neg_0346,neg__rice_7_sept2022.kml,83.51333496948699,26.68446691986276
neg_0347,neg__rice_8_sept2022.kml,83.5134303053357,26.683817652130088
neg_0348,neg__rice_9_sept2022.kml,83.51485425937327,26.68314900248751
neg_0349,neg__SpongeGuard2-June2023.kml,79.39971920654075,28.4212543913596
neg_0350,neg__SpongeGuard3-June2023.kml,79.40062145481421,28.421298793863766
neg_0351,neg__SpongeGurad1-June2023.kml,79.39821173431518,28.420149885425595
neg_0352,neg__tur_1_dec2022.kml,83.50804433676718,26.69125452908631
neg_0353,neg__tur_2_dec2022.kml,83.50641724736651,26.690331204945952
neg_0354,neg__tur_3_dec2022.kml,83.5061859728735,26.690433505945904
neg_0355,neg__Untitled map (10).kml,77.50628657131867,29.94404201764324
neg_0356,neg__Untitled map (11).kml,77.5116179047322,29.95612399699724
neg_0357,neg__Untitled map (12).kml,77.59724743658222,29.983351026888982
neg_0358,neg__Untitled map (13).kml,77.5910646029726,29.984901104584672
neg_0359,neg__Untitled map (14).kml,77.58780104894379,29.984127755800433
neg_0360,neg__Untitled map (15).kml,77.58447885152,29.983217056307634
neg_0361,neg__Untitled map (16).kml,77.58492564080777,29.983470923865365
neg_0362,neg__Untitled map (17).kml,77.58736175317755,29.983836542156713
neg_0363,neg__Untitled map (18).kml,77.58891126443535,29.984300509324196
neg_0364,neg__Untitled map (19).kml,77.56536048271641,29.91513112633103
neg_0365,neg__Untitled map (20).kml,77.56618651233053,29.91285018315333
neg_0366,neg__Untitled map (21).kml,77.55775512855034,29.936600365784777
neg_0367,neg__Untitled map (22).kml,77.5842673470112,30.00976859508732
neg_0368,neg__Untitled map (23).kml,77.60391156686163,30.027547121377413
neg_0369,neg__Untitled map (24).kml,77.60462670360332,30.024610440956856
neg_0370,neg__Untitled map (25).kml,77.37001893244002,29.97006250073584
neg_0371,neg__Untitled map (26).kml,77.36943933360953,29.97007140163123
neg_0372,neg__Untitled map (27).kml,77.46680829471003,30.00183406175402
neg_0373,neg__Untitled map (28).kml,77.46420380274823,29.999272205760672
neg_0374,neg__Untitled map (29).kml,77.4631042229232,29.99836468119754
neg_0375,neg__Untitled map (3).kml,77.59925398112722,29.974603593840136
neg_0376,neg__Untitled map (30).kml,77.4620070769308,29.99745565854591
neg_0377,neg__Untitled map (4).kml,77.59737545168282,29.97708002698935
neg_0378,neg__Untitled map (48).kml,80.89875088832794,26.72088158837161
neg_0379,neg__Untitled map (49).kml,80.89945988485927,26.72133377080061
neg_0380,neg__Untitled map (5).kml,77.59726513904818,29.982928171662138
neg_0381,neg__Untitled map (50).kml,80.8987406943556,26.72132539568927
neg_0382,neg__Untitled map (51).kml,80.89824883963968,26.721285960494864
neg_0383,neg__Untitled map (52).kml,77.60207334710826,29.186333382027424
neg_0384,neg__Untitled map (53).kml,80.89745963599222,26.721275428113724
neg_0385,neg__Untitled map (54).kml,77.64424402375434,29.053547937115326
neg_0386,neg__Untitled map (55).kml,77.64047191194902,29.057149028517284
neg_0387,neg__Untitled map (56).kml,81.61686735685127,27.533053211985685
neg_0388,neg__Untitled map (57).kml,81.6050317783384,27.52198121234209
neg_0389,neg__Untitled map (58).kml,77.60454369787186,28.97493981764463
neg_0390,neg__Untitled map (59).kml,77.59071415112795,28.982780215010553
neg_0391,neg__Untitled map (60).kml,77.6045427831375,28.974935648678677
neg_0392,neg__Untitled map (61).kml,77.65496618020258,29.0689974883435
neg_0393,neg__Untitled map (62).kml,78.32696539452616,29.428109910115488
neg_0394,neg__Untitled map (63).kml,78.32681545245552,29.42806806373375
neg_0395,neg__Untitled map (64).kml,78.32668110207176,29.428016664638967
neg_0396,neg__Untitled map (8).kml,77.59522078939517,29.99219914839277
neg_0397,neg__Untitled map (9).kml,77.50773344793998,29.946163056704144
neg_0398,neg__Untitled map 1.kml,80.89920792420277,26.720909287983062
neg_0399,neg__Untitled map 11.kml,80.89962532419982,26.720777849680232
